Ticker,status
ACLS,file_not_found
ADNT,file_not_found
ADP,file_not_found
ADS,file_not_found
AEE,file_not_found
AEIS,file_not_found
AEL,file_not_found
AERC,file_not_found
AERI,file_not_found
AFG,file_not_found
AFL,file_not_found
AGI,file_not_found
AGR,file_not_found
AGRI,file_not_found
AGYS,file_not_found
AIMC,file_not_found
AIRC,file_not_found
ALPN,file_not_found
AMD,file_not_found
AME,file_not_found
AMED,file_not_found
AMEH,file_not_found
AMG,file_not_found
ANSS,file_not_found
ANTM,file_not_found
AOS,file_not_found
APDN,file_not_found
APH,file_not_found
BDX,file_not_found
BDXB,file_not_found
BECN,file_not_found
BELFB,file_not_found
BERY,file_not_found
BF-B,file_not_found
BFH,file_not_found
BGCP,file_not_found
BGFV,file_not_found
BH,file_not_found
BIG,file_not_found
BIGC,file_not_found
BIO,file_not_found
BIOL,file_not_found
BKE,file_not_found
BKI,file_not_found
CFX,file_not_found
CHD,file_not_found
CHEK,file_not_found
CHNG,file_not_found
CHRS,file_not_found
CHRW,file_not_found
CHS,file_not_found
CHWY,file_not_found
CHX,file_not_found
CI,file_not_found
CIGI,file_not_found
CIT,file_not_found
CL,file_not_found
CLB,file_not_found
CLR,file_not_found
CLSN,file_not_found
CLVS,file_not_found
CLX,file_not_found
CM,file_not_found
DRE,file_not_found
EQT,file_not_found
ERF,file_not_found
ES,file_not_found
ESGR,file_not_found
ESMT,file_not_found
ESS,file_not_found
ESTE,file_not_found
ETHZ,file_not_found
ETN,file_not_found
ETNB,file_not_found
ETRN,file_not_found
ETWO,file_not_found
EURN,file_not_found
EVBG,file_not_found
EVOP,file_not_found
EVR,file_not_found
EW,file_not_found
EXAS,file_not_found
EXEL,file_not_found
EXPD,file_not_found
GIMO,file_not_found
GLNG,file_not_found
GLTO,file_not_found
GLYC,file_not_found
GMS,file_not_found
GNOG,file_not_found
GNW,file_not_found
GOGL,file_not_found
GOOG,file_not_found
GPC,file_not_found
HCC,file_not_found
HCI,file_not_found
HCP,file_not_found
HD,file_not_found
HEAR,file_not_found
HEES,file_not_found
HES,file_not_found
HEXO,file_not_found
HFC,file_not_found
HHC,file_not_found
HI,file_not_found
HIBB,file_not_found
HNI,file_not_found
HOG,file_not_found
HOLI,file_not_found
HOMB,file_not_found
HOUS,file_not_found
HPQ,file_not_found
HPY,file_not_found
ICLR,file_not_found
ICPT,file_not_found
IDA,file_not_found
IDCC,file_not_found
IESC,file_not_found
IGMS,file_not_found
IGT,file_not_found
IIVI,file_not_found
ILMN,file_not_found
IMGN,file_not_found
INFA,file_not_found
INFN,file_not_found
INSW,file_not_found
MAS,file_not_found
MATX,file_not_found
MAXR,file_not_found
MBI,file_not_found
MCD,file_not_found
MCFE,file_not_found
MCK,file_not_found
MCY,file_not_found
MDC,file_not_found
MDLA,file_not_found
MDP,file_not_found
MDT,file_not_found
MDXG,file_not_found
ME,file_not_found
MEDS,file_not_found
META,file_not_found
METC,file_not_found
MGI,file_not_found
MGM,file_not_found
MGOL,file_not_found
MGP,file_not_found
MGRC,file_not_found
MOD,file_not_found
NKE,file_not_found
NLSN,file_not_found
NLTX,file_not_found
NOV,file_not_found
NOVN,file_not_found
NTCT,file_not_found
NTNX,file_not_found
NTR,file_not_found
NUAN,file_not_found
NURO,file_not_found
NUVA,file_not_found
OCN,file_not_found
OLB,file_not_found
OLO,file_not_found
OMF,file_not_found
OMI,file_not_found
ON,file_not_found
ONEM,file_not_found
ONVO,file_not_found
ORCC,file_not_found
OS,file_not_found
OSH,file_not_found
OSK,file_not_found
OSPN,file_not_found
PDCO,file_not_found
PRMW,file_not_found
PRO,file_not_found
PRPO,file_not_found
PRU,file_not_found
PRVA,file_not_found
PRVB,file_not_found
PSB,file_not_found
PSNL,file_not_found
PSXP,file_not_found
PTEN,file_not_found
PVG,file_not_found
PVH,file_not_found
PWR,file_not_found
PWSC,file_not_found
PXD,file_not_found
PYCR,file_not_found
SASI,file_not_found
SATL,file_not_found
SBAC,file_not_found
SBH,file_not_found
SBUX,file_not_found
SC,file_not_found
SCCO,file_not_found
SCHW,file_not_found
SCS,file_not_found
SEAS,file_not_found
SEEL,file_not_found
SEM,file_not_found
SF,file_not_found
SFIX,file_not_found
SGBX,file_not_found
SGEN,file_not_found
SGFY,file_not_found
SHC,file_not_found
SLVM,file_not_found
SM,file_not_found
SMAR,file_not_found
SMCI,file_not_found
SMLR,file_not_found
SNAP,file_not_found
SNCR,file_not_found
SNV,file_not_found
SOLY,file_not_found
SOVO,file_not_found
SPG,file_not_found
SPGI,file_not_found
SPLK,file_not_found
SPPI,file_not_found
SPR,file_not_found
SUI,file_not_found
SUM,file_not_found
SUMO,file_not_found
SUNW,file_not_found
SW,file_not_found
SWCH,file_not_found
SWI,file_not_found
SWN,file_not_found
SWTX,file_not_found
SYF,file_not_found
SYNH,file_not_found
T,file_not_found
TA,file_not_found
TALO,file_not_found
TARO,file_not_found
TASR,file_not_found
TCN,file_not_found
TDG,file_not_found
TMX,file_not_found
TOL,file_not_found
TPL,file_not_found
TPR,file_not_found
TPST,file_not_found
TPX,file_not_found
TRI,file_not_found
TRMB,file_not_found
TRML,file_not_found
TRN,file_not_found
TROW,file_not_found
TRQ,file_not_found
TRTN,file_not_found
TT,file_not_found
TTCF,file_not_found
TTEK,file_not_found
TTMI,file_not_found
UNVR,file_not_found
USCR,file_not_found
UTHR,file_not_found
VAL,file_not_found
VBTX,file_not_found
VCRA,file_not_found
VER,file_not_found
VERV,file_not_found
VFC,file_not_found
VGR,file_not_found
VYX,file_not_found
VZ,file_not_found
VZIO,file_not_found
WBA,file_not_found
WBT,file_not_found
WCC,file_not_found
WE,file_not_found
WEC,file_not_found
WELL,file_not_found
WEN,file_not_found
WES,file_not_found
WGS,file_not_found
WINA,file_not_found
WIRE,file_not_found
WISA,file_not_found
WISH,file_not_found
WLL,file_not_found
WLY,file_not_found
XM,file_not_found
XOM,file_not_found
XP,file_not_found
XPO,file_not_found
XRAY,file_not_found
XRX,file_not_found
Y,file_not_found
YOU,file_not_found
YUM,file_not_found
ZBRA,file_not_found
ZD,file_not_found
ZEN,file_not_found
ZEV,file_not_found
ZI,file_not_found
ZION,file_not_found
ZK,file_not_found
ZUO,file_not_found
ZY,file_not_found
ZYNE,file_not_found
True,file_not_found
CELG,file_not_found
CSC,file_not_found
ENBL,file_not_found
EWI,file_not_found
EWD,file_not_found
EPU,file_not_found
EWW,file_not_found
VDC,file_not_found
VDE,file_not_found
VGT,file_not_found
EMHY,file_not_found
LDOUSD,file_not_found
OPUSD,file_not_found
PEPEUSD,file_not_found
RNDRUSD,file_not_found
SUIUSD,file_not_found
TONUSD,file_not_found
USDTUSD,file_not_found
USDCUSD,file_not_found
DAIUSD,file_not_found
WBTCUSD,file_not_found
BUSDUSD,file_not_found
"Place your desired identifiers (ticker symbols, etc.) list on the first column, underneath main_identifier.",file_not_found
